Servidor,Tamanho_Arquivo,Qtd_Clientes,Minimo,Medio,Maximo
servidor_v1.py,500MB,1,1.559789,1.835975333333333,2.346186
servidor_v1.py,500MB,2,1.585518,2.5633838333333334,3.555091
servidor_v1.py,500MB,4,1.216474,3.5161418333333336,5.925004
servidor_v1.py,50MB,1,0.105345,0.149998,0.212404
servidor_v1.py,50MB,2,0.104093,0.17708783333333333,0.241025
servidor_v1.py,50MB,4,0.193135,0.44569149999999996,1.008394
servidor_v1.py,5MB,1,0.02016,0.02446833333333333,0.029892
servidor_v1.py,5MB,2,0.027973,0.04137883333333333,0.059984
servidor_v1.py,5MB,4,0.035585,0.04997658333333333,0.068856
servidor_v2.py,500MB,1,1.454724,1.5292919999999999,1.594154
servidor_v2.py,500MB,2,1.472533,1.6420831666666666,1.775702
servidor_v2.py,500MB,4,1.77423,2.1767403333333335,2.770009
servidor_v2.py,50MB,1,0.176096,0.21558033333333335,0.247843
servidor_v2.py,50MB,2,0.14804,0.15825799999999998,0.169776
servidor_v2.py,50MB,4,0.213086,0.34670375000000003,0.445526
servidor_v2.py,5MB,1,0.029378,0.03893433333333333,0.052527
servidor_v2.py,5MB,2,0.029469,0.03558616666666667,0.039821
servidor_v2.py,5MB,4,0.028011,0.03394716666666667,0.048216
servidor_v3.py,500MB,1,1.355829,1.3707046666666667,1.399512
servidor_v3.py,500MB,2,1.449729,1.4844514999999998,1.535861
servidor_v3.py,500MB,4,1.726008,2.9439120833333337,4.459144
servidor_v3.py,50MB,1,0.162298,0.17071433333333333,0.179296
servidor_v3.py,50MB,2,0.175204,0.21683433333333335,0.255813
servidor_v3.py,50MB,4,0.159848,0.24955683333333334,0.341356
servidor_v3.py,5MB,1,0.026565,0.03078433333333333,0.03641
servidor_v3.py,5MB,2,0.024259,0.030163,0.037691
servidor_v3.py,5MB,4,0.036433,0.044513500000000004,0.059691
