Servidor,Tamanho_Arquivo,Qtd_Clientes,Repeticao,ID_Cliente,Tempo_Segundos,Ok,Bytes_Recebidos,Erro
servidor_v1.py,5MB,1,1,1,0.067242,True,5000000,
servidor_v1.py,5MB,2,1,1,0.025461,True,5000000,
servidor_v1.py,5MB,2,1,2,0.035771,True,5000000,
servidor_v1.py,5MB,4,1,1,0.031401,True,5000000,
servidor_v1.py,5MB,4,1,2,0.042007,True,5000000,
servidor_v1.py,5MB,4,1,3,0.052643,True,5000000,
servidor_v1.py,5MB,4,1,4,0.037213,True,5000000,
servidor_v2.py,5MB,1,1,1,0.024551,True,5000000,
servidor_v2.py,5MB,2,1,1,0.024786,True,5000000,
servidor_v2.py,5MB,2,1,2,0.026819,True,5000000,
servidor_v2.py,5MB,4,1,1,0.027273,True,5000000,
servidor_v2.py,5MB,4,1,2,0.027458,True,5000000,
servidor_v2.py,5MB,4,1,3,0.030492,True,5000000,
servidor_v2.py,5MB,4,1,4,0.028941,True,5000000,
servidor_v3.py,5MB,1,1,1,0.028201,True,5000000,
servidor_v3.py,5MB,2,1,1,0.024377,True,5000000,
servidor_v3.py,5MB,2,1,2,0.023965,True,5000000,
servidor_v3.py,5MB,4,1,1,0.026572,True,5000000,
servidor_v3.py,5MB,4,1,2,0.026586,True,5000000,
servidor_v3.py,5MB,4,1,3,0.028306,True,5000000,
servidor_v3.py,5MB,4,1,4,0.028259,True,5000000,
